49ers,charlotte 49ers,,,,,,,,,,,,
a&m,alabama a&m bulldogs,texas a&m aggies,,,,,,,,,,,
abilene christian,abilene christian wildcats,,,,,,,,,,,,
aggies,new mexico state aggies,north carolina a&t aggies,texas a&m aggies,uc davis aggies,utah state aggies,,,,,,,,
air force,air force falcons,,,,,,,,,,,,
air force falcons,air force falcons,,,,,,,,,,,,
airforce,air force falcons,,,,,,,,,,,,
akron,akron zips,,,,,,,,,,,,
akron zips,akron zips,,,,,,,,,,,,
alabama,alabama crimson tide,,,,,,,,,,,,
alabama a&m,alabama a&m bulldogs,,,,,,,,,,,,
alabama a&m bulldogs,alabama a&m bulldogs,,,,,,,,,,,,
alabama bandwagon,alabama crimson tide,,,,,,,,,,,,
alabama crimson tide,alabama crimson tide,,,,,,,,,,,,
alabama state,alabama state hornets,,,,,,,,,,,,
alabama state hornets,alabama state hornets,,,,,,,,,,,,
albany,albany great danes,,,,,,,,,,,,
albany great danes,albany great danes,,,,,,,,,,,,
alberta,alberta golden bears,,,,,,,,,,,,
alberta golden bears,alberta golden bears,,,,,,,,,,,,
alcorn state,alcorn state braves,,,,,,,,,,,,
alcorn state braves,alcorn state braves,,,,,,,,,,,,
appalachian state,appalachian state mountaineers,,,,,,,,,,,,
appalachian state mountaineers,appalachian state mountaineers,,,,,,,,,,,,
argonauts,west florida argonauts,,,,,,,,,,,,
arizona,arizona wildcats,,,,,,,,,,,,
arizona state,arizona state sun devils,,,,,,,,,,,,
arizona state sun devils,arizona state sun devils,,,,,,,,,,,,
arizona wildcats,arizona wildcats,,,,,,,,,,,,
arkansas,arkansas razorbacks,,,,,,,,,,,,
arkansas razorbacks,arkansas razorbacks,,,,,,,,,,,,
arkansas state,arkansas state red wolves,,,,,,,,,,,,
arkansas state red wolves,arkansas state red wolves,,,,,,,,,,,,
army,army west point,,,,,,,,,,,,
army west point,army west point,,,,,,,,,,,,
asu,arizona state sun devils,,,,,,,,,,,,
au,auburn tigers,alabama crimson tide,arizona wildcats,arkansas razorbacks,,,,,,,,,
auburn,auburn tigers,,,,,,,,,,,,
auburn tigers,auburn tigers,,,,,,,,,,,,
austin peay,austin peay governors,,,,,,,,,,,,
austin peay governors,austin peay governors,,,,,,,,,,,,
aztecs,san diego state aztecs,,,,,,,,,,,,
badgers,wisconsin badgers,,,,,,,,,,,,
ball state,ball state cardinals,,,,,,,,,,,,
ball state cardinals,ball state cardinals,,,,,,,,,,,,
bama,alabama crimson tide,,,,,,,,,,,,
baylor,baylor bears,,,,,,,,,,,,
baylor bears,baylor bears,,,,,,,,,,,,
bc,boston college eagles,,,,,,,,,,,,
bearcats,cincinnati bearcats,northwest missouri state bearcats,,,,,,,,,,,
bearkats,sam houston state bearkats,,,,,,,,,,,,
bears,alberta golden bears,baylor bears,brown bears,california golden bears,central arkansas bears,kutztown golden bears,maine black bears,mercer bears,mercer bears,missouri state bears,morgan state bears,northern colorado bears,
beavers,oregon state beavers,,,,,,,,,,,,
beavs,oregon state beavers,,,,,,,,,,,,
bengals,buffalo state bengals,idaho state bengals,,,,,,,,,,,
bgu,bowling green falcons,,,,,,,,,,,,
big green,dartmouth big green,,,,,,,,,,,,
big red,cornell big red,,,,,,,,,,,,
bill & mary,william & mary tribe,,,,,,,,,,,,
bill & mary tribe,william & mary tribe,,,,,,,,,,,,
bison,bucknell bison,howard bison,north dakota state bison,,,,,,,,,,
black bears,maine black bears,,,,,,,,,,,,
blazers,uab blazers,,,,,,,,,,,,
blue devils,duke blue devils,,,,,,,,,,,,
blue hawks,dickinson state blue hawks,,,,,,,,,,,,
blue hens,delaware fightin' blue hens,,,,,,,,,,,,
blue hose,presbyterian blue hose,,,,,,,,,,,,
blue raiders,middle tennessee blue raiders,,,,,,,,,,,,
bobcats,montana state bobcats,ohio bobcats,texas state bobcats,,,,,,,,,,
boilermakers,purdue boilermakers,,,,,,,,,,,,
boise,boise state broncos,,,,,,,,,,,,
boise st,boise state broncos,,,,,,,,,,,,
boise state,boise state broncos,,,,,,,,,,,,
boise state broncos,boise state broncos,,,,,,,,,,,,
boston college,boston college eagles,,,,,,,,,,,,
boston college eagles,boston college eagles,,,,,,,,,,,,
bowling green,bowling green falcons,,,,,,,,,,,,
bowling green falcons,bowling green falcons,,,,,,,,,,,,
bgsu,bowling green falcons,,,,,,,,,,,,
braves,alcorn state braves,,,,,,,,,,,,
brigham young cougars,byu cougars,,,,,,,,,,,,
broncos,boise state broncos,hastings broncos,western michigan broncos,,,,,,,,,,
brown,brown bears,,,,,,,,,,,,
brown bears,brown bears,,,,,,,,,,,,
bruins,ucla bruins,,,,,,,,,,,,
bryant,bryant bulldogs,,,,,,,,,,,,
bryant bulldogs,bryant bulldogs,,,,,,,,,,,,
bsu,boise state broncos,,,,,,,,,,,,
bu,baylor bears,,,,,,,,,,,,
buccaneers,charleston southern buccaneers,east tennessee state buccaneers,,,,,,,,,,,
buckeyes,ohio state buckeyes,,,,,,,,,,,,
bucknell,bucknell bison,,,,,,,,,,,,
bucs,charleston southern buccaneers,east tennessee state buccaneers,,,,,,,,,,,
buffalo,buffalo bulls,,,,,,,,,,,,
buffalo bulls,buffalo bulls,,,,,,,,,,,,
buffalo st.,buffalo state bengals,,,,,,,,,,,,
buffalo state bengals,buffalo state bengals,,,,,,,,,,,,
buffaloes,colorado buffaloes,,,,,,,,,,,,
bulldogs,alabama a&m bulldogs,bryant bulldogs,butler bulldogs,drake bulldogs,fresno state bulldogs,gardner-webb runnin' bulldogs,georgia bulldogs,louisiana tech bulldogs,mississippi state bulldogs,south carolina state bulldogs,the citadel bulldogs,yale bulldogs,
bulls,buffalo bulls,,,,,,,,,,,,
butler,butler bulldogs,,,,,,,,,,,,
butler bulldogs,butler bulldogs,,,,,,,,,,,,
byu,byu cougars,,,,,,,,,,,,
byu cougars,byu cougars,,,,,,,,,,,,
cal,california golden bears,,,,,,,,,,,,
cal golden bears,california golden bears,,,,,,,,,,,,
cal poly,cal poly mustangs,,,,,,,,,,,,
cal poly mustangs,cal poly mustangs,,,,,,,,,,,,
calgary,calgary dinos,,,,,,,,,,,,
calgary dinos,calgary dinos,,,,,,,,,,,,
california,california golden bears,,,,,,,,,,,,
california (pa) vulcans,california (pa) vulcans,,,,,,,,,,,,
california golden bears,california golden bears,,,,,,,,,,,,
california pa,california (pa) vulcans,,,,,,,,,,,,
camels,campbell fighting camels,,,,,,,,,,,,
campbell,campbell fighting camels,,,,,,,,,,,,
campbell fighting camels,campbell fighting camels,,,,,,,,,,,,
campbellsville,campbellsville tigers,,,,,,,,,,,,
campbellsville tigers,campbellsville tigers,,,,,,,,,,,,
canes,miami hurricanes,,,,,,,,,,,,
carabins,montréal carabins,,,,,,,,,,,,
cardinal,stanford cardinal,,,,,,,,,,,,
cardinals,ball state cardinals,lamar cardinals,louisville cardinals,,,,,,,,,,
carleton,carleton (on) ravens,,,,,,,,,,,,
carleton (on) ravens,carleton (on) ravens,,,,,,,,,,,,
carleton ravens,carleton (on) ravens,,,,,,,,,,,,
carolina,north carolina tar heels,south carolina gamecocks,,,,,,,,,,,
catamounts,western carolina catamounts,,,,,,,,,,,,
catholics,notre dame fighting irish,,,,,,,,,,,,
cats,abilene christian wildcats,,,,,,,,,,,,
cavs,virginia cavaliers,,,,,,,,,,,,
central arkansas,central arkansas bears,,,,,,,,,,,,
central arkansas bears,central arkansas bears,,,,,,,,,,,,
central florida,ucf knights,,,,,,,,,,,,
central michigan,central michigan chippewas,,,,,,,,,,,,
central michigan chippewas,central michigan chippewas,,,,,,,,,,,,
chanticleers,coastal carolina chanticleers,,,,,,,,,,,,
chapel hill,north carolina tar heels,,,,,,,,,,,,
charleston southern,charleston southern buccaneers,,,,,,,,,,,,
charleston southern buccaneers,charleston southern buccaneers,,,,,,,,,,,,
charlotte,charlotte 49ers,,,,,,,,,,,,
charlotte 49ers,charlotte 49ers,,,,,,,,,,,,
chattanooga,chattanooga mocs,,,,,,,,,,,,
chattanooga mocs,chattanooga mocs,,,,,,,,,,,,
chippewas,central michigan chippewas,,,,,,,,,,,,
chokies,virginia tech hokies,,,,,,,,,,,,
cincinnati,cincinnati bearcats,,,,,,,,,,,,
cincinnati bearcats,cincinnati bearcats,,,,,,,,,,,,
cis,cis,,,,,,,,,,,,
citadel,the citadel bulldogs,,,,,,,,,,,,
citadel bulldogs,the citadel bulldogs,,,,,,,,,,,,
clemson,clemson tigers,,,,,,,,,,,,
clemson tigers,clemson tigers,,,,,,,,,,,,
cmu,central michigan chippewas,,,,,,,,,,,,
coastal carolina,coastal carolina chanticleers,,,,,,,,,,,,
coastal carolina chanticleers,coastal carolina chanticleers,,,,,,,,,,,,
cocks,south carolina gamecocks,,,,,,,,,,,,
colgate,colgate raiders,,,,,,,,,,,,
colgate raiders,colgate raiders,,,,,,,,,,,,
college of faith,college of faith (nc) saints,,,,,,,,,,,,
college of faith (nc) saints,college of faith (nc) saints,,,,,,,,,,,,
colonels,eastern kentucky colonels,nicholls colonels,,,,,,,,,,,
colorado,colorado buffaloes,,,,,,,,,,,,
colorado buffaloes,colorado buffaloes,,,,,,,,,,,,
colorado mines,colorado mines orediggers,,,,,,,,,,,,
colorado mines orediggers,colorado mines orediggers,,,,,,,,,,,,
colorado state,colorado state rams,,,,,,,,,,,,
colorado state rams,colorado state rams,,,,,,,,,,,,
colorado state university,colorado state rams,,,,,,,,,,,,
colorado state university rams,colorado state rams,,,,,,,,,,,,
columbia,columbia lions,,,,,,,,,,,,
columbia lions,columbia lions,,,,,,,,,,,,
commodores,vanderbilt commodores,,,,,,,,,,,,
concordia,concordia (qc) stingers,,,,,,,,,,,,
concordia university stingers,concordia (qc) stingers,,,,,,,,,,,,
conn,connecticut huskies,,,,,,,,,,,,
connecticut,connecticut huskies,,,,,,,,,,,,
connecticut huskies,connecticut huskies,,,,,,,,,,,,
convicts,miami hurricanes,,,,,,,,,,,,
cornell,cornell big red,,,,,,,,,,,,
cornell big red,cornell big red,,,,,,,,,,,,
cornhuskers,nebraska cornhuskers,,,,,,,,,,,,
cougars,byu cougars,houston cougars,washington state cougars,,,,,,,,,,
cougs,byu cougars,houston cougars,washington state cougars,,,,,,,,,,
cowboys,hardin-simmons cowboys,oklahoma state cowboys,wyoming cowboys,,,,,,,,,,
coyotes,south dakota coyotes,,,,,,,,,,,,
crimson,harvard crimson,,,,,,,,,,,,
crimson tide,alabama crimson tide,,,,,,,,,,,,
crusaders,holy cross crusaders,mary hardin-baylor crusaders,north greenville crusaders,,,,,,,,,,
csu,colorado state rams,,,,,,,,,,,,
cumberland,cumberland phoenix,,,,,,,,,,,,
cumberland phoenix,cumberland phoenix,,,,,,,,,,,,
cumberlands,cumberlands patriots,,,,,,,,,,,,
cumberlands patriots,cumberlands patriots,,,,,,,,,,,,
cuse,syracuse orange,,,,,,,,,,,,
cyclones,iowa state cyclones,,,,,,,,,,,,
dakota state,dakota state trojans,,,,,,,,,,,,
dakota state trojans,dakota state trojans,,,,,,,,,,,,
danes,albany great danes,,,,,,,,,,,,
dartmouth,dartmouth big green,,,,,,,,,,,,
dartmouth big green,dartmouth big green,,,,,,,,,,,,
davidson,davidson wildcats,,,,,,,,,,,,
davidson wildcats,davidson wildcats,,,,,,,,,,,,
dayton,dayton flyers,,,,,,,,,,,,
dayton flyers,dayton flyers,,,,,,,,,,,,
deacons,wake forest demon deacons,,,,,,,,,,,,
deacs,wake forest demon deacons,,,,,,,,,,,,
delaware,delaware fightin' blue hens,,,,,,,,,,,,
delaware fightin' blue hens,delaware fightin' blue hens,,,,,,,,,,,,
demon deacons,wake forest demon deacons,,,,,,,,,,,,
demons,northwestern state demons,,,,,,,,,,,,
depauw,depauw tigers,,,,,,,,,,,,
depauw tigers,depauw tigers,,,,,,,,,,,,
devils,arizona state sun devils,,,,,,,,,,,,
dickinson state,dickinson state blue hawks,,,,,,,,,,,,
dickinson state blue hawks,dickinson state blue hawks,,,,,,,,,,,,
dinos,calgary dinos,,,,,,,,,,,,
disciples,university of god's chosen disciples,,,,,,,,,,,,
dolphins,jacksonville dolphins,,,,,,,,,,,,
domers,notre dame fighting irish,,,,,,,,,,,,
dook,duke blue devils,,,,,,,,,,,,
dookies,duke blue devils,,,,,,,,,,,,
dragons,drexel dragons,,,,,,,,,,,,
drake,drake bulldogs,,,,,,,,,,,,
drake bulldogs,drake bulldogs,,,,,,,,,,,,
drexel,drexel dragons,,,,,,,,,,,,
drexel dragons,drexel dragons,,,,,,,,,,,,
ducks,oregon ducks,,,,,,,,,,,,
duke,duke blue devils,,,,,,,,,,,,
duke blue devils,duke blue devils,,,,,,,,,,,,
dukes,duquesne dukes,james madison dukes,,,,,,,,,,,
duquesne,duquesne dukes,,,,,,,,,,,,
duquesne dukes,duquesne dukes,,,,,,,,,,,,
eagles,boston college eagles,eastern michigan eagles,eastern washington eagles,georgia southern eagles,morehead state eagles,north carolina central eagles,southern miss golden eagles,tennessee tech golden eagles,,,,,
east carolina,east carolina pirates,,,,,,,,,,,,
east carolina pirates,east carolina pirates,,,,,,,,,,,,
east tennessee state,east tennessee state buccaneers,,,,,,,,,,,,
east tennessee state buccaneers,east tennessee state buccaneers,,,,,,,,,,,,
eastern illinois,eastern illinois panthers,,,,,,,,,,,,
eastern illinois panthers,eastern illinois panthers,,,,,,,,,,,,
eastern kentucky,eastern kentucky colonels,,,,,,,,,,,,
eastern kentucky colonels,eastern kentucky colonels,,,,,,,,,,,,
eastern michigan,eastern michigan eagles,,,,,,,,,,,,
eastern michigan eagles,eastern michigan eagles,,,,,,,,,,,,
eastern washington,eastern washington eagles,,,,,,,,,,,,
eastern washington eagles,eastern washington eagles,,,,,,,,,,,,
ecu,east carolina pirates,,,,,,,,,,,,
ecu pirates,east carolina pirates,,,,,,,,,,,,
edward waters,edward waters tigers,,,,,,,,,,,,
edward waters tigers,edward waters tigers,,,,,,,,,,,,
elon,elon phoenix,,,,,,,,,,,,
elon phoenix,elon phoenix,,,,,,,,,,,,
emu,eastern michigan eagles,,,,,,,,,,,,
emu eagles,eastern michigan eagles,,,,,,,,,,,,
ewu,eastern washington eagles,,,,,,,,,,,,
ewu eagles,eastern washington eagles,,,,,,,,,,,,
falcons,air force falcons,bowling green falcons,,,,,,,,,,,
fau,fau owls,,,,,,,,,,,,
fau owls,fau owls,,,,,,,,,,,,
fightin' blue hens,delaware fightin' blue hens,,,,,,,,,,,,
fighting camels,campbell fighting camels,,,,,,,,,,,,
fighting hawks,north dakota fighting hawks,,,,,,,,,,,,
fighting illini,illinois fighting illini,,,,,,,,,,,,
fighting irish,notre dame fighting irish,,,,,,,,,,,,
finland,finland national team,,,,,,,,,,,,
finland national team,finland national team,,,,,,,,,,,,
fiu,fiu panthers,,,,,,,,,,,,
fiu golden panthers,fiu panthers,,,,,,,,,,,,
fiu panthers,fiu panthers,,,,,,,,,,,,
flames,liberty flames,illinois fighting illini,indiana hoosiers,iowa hawkeyes,,,,,,,,,
flash,st. francis red flash,,,,,,,,,,,,
flashes,kent state golden flashes,,,,,,,,,,,,
florida,florida gators,,,,,,,,,,,,
florida a&m,florida a&m rattlers,,,,,,,,,,,,
florida a&m rattlers,florida a&m rattlers,,,,,,,,,,,,
florida atlantic,fau owls,,,,,,,,,,,,
florida atlantic owl,fau owls,,,,,,,,,,,,
florida atlantic owls,fau owls,,,,,,,,,,,,
florida gators,florida gators,,,,,,,,,,,,
florida international,fiu panthers,,,,,,,,,,,,
florida international panthers,fiu panthers,,,,,,,,,,,,
florida state,florida state seminoles,,,,,,,,,,,,
florida state seminoles,florida state seminoles,,,,,,,,,,,,
flyers,dayton flyers,,,,,,,,,,,,
fordham,fordham rams,,,,,,,,,,,,
fordham rams,fordham rams,,,,,,,,,,,,
foxes,marist red foxes,,,,,,,,,,,,
fresno state,fresno state bulldogs,,,,,,,,,,,,
fresno state bulldogs,fresno state bulldogs,,,,,,,,,,,,
frogs,tcu horned frogs,,,,,,,,,,,,
fsu,florida state seminoles,,,,,,,,,,,,
fsu seminoles,florida state seminoles,,,,,,,,,,,,
furman,furman paladins,,,,,,,,,,,,
furman paladin,furman paladins,,,,,,,,,,,,
furman paladins,furman paladins,,,,,,,,,,,,
gaels,queen's university gaels,,,,,,,,,,,,
gamecocks,jacksonville state gamecocks,south carolina gamecocks,,,,,,,,,,,
gardner webb,gardner-webb runnin' bulldogs,,,,,,,,,,,,
gardner-webb runnin' bulldogs,gardner-webb runnin' bulldogs,,,,,,,,,,,,
gators,florida gators,,,,,,,,,,,,
georgetown,georgetown hoyas,,,,,,,,,,,,
georgetown hoyas,georgetown hoyas,,,,,,,,,,,,
georgia,georgia bulldogs,,,,,,,,,,,,
georgia bulldogs,georgia bulldogs,,,,,,,,,,,,
georgia southern,georgia southern eagles,,,,,,,,,,,,
georgia southern eagles,georgia southern eagles,,,,,,,,,,,,
georgia state,georgia state panthers,,,,,,,,,,,,
georgia state panthers,georgia state panthers,,,,,,,,,,,,
georgia tech,georgia tech yellow jackets,,,,,,,,,,,,
georgia tech yellow jackets,georgia tech yellow jackets,,,,,,,,,,,,
giants,wabash little giants,,,,,,,,,,,,
golden bears,alberta golden bears,california golden bears,kutztown golden bears,,,,,,,,,,
golden domers,notre dame fighting irish,,,,,,,,,,,,
golden eagles,southern miss golden eagles,tennessee tech golden eagles,,,,,,,,,,,
golden flashes,kent state golden flashes,,,,,,,,,,,,
golden gophers,minnesota golden gophers,,,,,,,,,,,,
golden hawks,wilfrid laurier golden hawks,,,,,,,,,,,,
golden panthers,fiu panthers,,,,,,,,,,,,
gophers,minnesota golden gophers,,,,,,,,,,,,
governors,governors,,,,,,,,,,,,
grambling state,grambling state tigers,,,,,,,,,,,,
grambling state tigers,grambling state tigers,,,,,,,,,,,,
grand valley state,grand valley state lakers,,,,,,,,,,,,
grand valley state lakers,grand valley state lakers,,,,,,,,,,,,
great danes,albany great danes,,,,,,,,,,,,
green wave,tulane green wave,,,,,,,,,,,,
griffons,missouri western griffons,,,,,,,,,,,,
grizzlies,montana grizzlies,,,,,,,,,,,,
gryphons,guelph gryphons,,,,,,,,,,,,
gt,georgia tech yellow jackets,,,,,,,,,,,,
guelph,guelph gryphons,,,,,,,,,,,,
guelph gryphons,guelph gryphons,,,,,,,,,,,,
hail saban,alabama crimson tide,,,,,,,,,,,,
hampton,hampton pirates,,,,,,,,,,,,
hampton pirates,hampton pirates,,,,,,,,,,,,
hardin-simmons,hardin-simmons cowboys,,,,,,,,,,,,
hardin-simmons cowboys,hardin-simmons cowboys,,,,,,,,,,,,
harvard,harvard crimson,,,,,,,,,,,,
harvard crimson,harvard crimson,,,,,,,,,,,,
hastings,hastings broncos,,,,,,,,,,,,
hastings broncos,hastings broncos,,,,,,,,,,,,
hatters,stetson hatters,,,,,,,,,,,,
hawai'i,hawai'i rainbow warriors,,,,,,,,,,,,
hawaii,hawai'i rainbow warriors,,,,,,,,,,,,
hawaii rainbow warriors,hawai'i rainbow warriors,,,,,,,,,,,,
hawaii warriors,hawai'i rainbow warriors,,,,,,,,,,,,
hawkeyes,iowa hawkeyes,,,,,,,,,,,,
hawks,dickinson state blue hawks,iowa hawkeyes,lehigh mountain hawks,monmouth hawks,north dakota fighting hawks,wilfrid laurier golden hawks,,,,,,,
heels,north carolina tar heels,,,,,,,,,,,,
henderson st,henderson state reddies,,,,,,,,,,,,
henderson state reddies,henderson state reddies,,,,,,,,,,,,
hens,delaware fightin' blue hens,,,,,,,,,,,,
herd,marshall thundering herd,,,,,,,,,,,,
hilltoppers,wku hilltoppers,,,,,,,,,,,,
hogs,arkansas razorbacks,,,,,,,,,,,,
hokies,virginia tech hokies,,,,,,,,,,,,
holy cross,holy cross crusaders,typo!!!! fix in db?,,,,,,,,,,,
holy cross crusaders,holy cross crusaders,,,,,,,,,,,,
hoos,virginia cavaliers,,,,,,,,,,,,
hoosiers,indiana hoosiers,,,,,,,,,,,,
horned frogs,tcu horned frogs,,,,,,,,,,,,
hornets,alabama state hornets,sacramento state hornets,,,,,,,,,,,
houston,houston cougars,,,,,,,,,,,,
houston baptist,houston baptist huskies,,,,,,,,,,,,
houston baptist huskies,houston baptist huskies,,,,,,,,,,,,
houston cougars,houston cougars,,,,,,,,,,,,
houston cougs,houston cougars,,,,,,,,,,,,
howard,howard bison,,,,,,,,,,,,
howard bison,howard bison,,,,,,,,,,,,
hoyas,georgetown hoyas,,,,,,,,,,,,
hurricanes,miami hurricanes,,,,,,,,,,,,
huskers,nebraska cornhuskers,,,,,,,,,,,,
huskies,connecticut huskies,houston baptist huskies,northern illinois huskies,washington huskies,,,,,,,,,
idaho,idaho vandals,,,,,,,,,,,,
idaho state,idaho state bengals,,,,,,,,,,,,
idaho state bengals,idaho state bengals,,,,,,,,,,,,
idaho vandals,idaho vandals,,,,,,,,,,,,
illini,illinois fighting illini,,,,,,,,,,,,
illinois,illinois fighting illini,,,,,,,,,,,,
illinois fighting illini,illinois fighting illini,,,,,,,,,,,,
illinois state,illinois state redbirds,,,,,,,,,,,,
illinois state redbirds,illinois state redbirds,,,,,,,,,,,,
indiana,indiana hoosiers,,,,,,,,,,,,
indiana hoosiers,indiana hoosiers,,,,,,,,,,,,
indiana state,indiana state sycamores,,,,,,,,,,,,
indiana state sycamores,indiana state sycamores,,,,,,,,,,,,
iowa,iowa hawkeyes,,,,,,,,,,,,
iowa hawkeyes,iowa hawkeyes,,,,,,,,,,,,
iowa state,iowa state cyclones,,,,,,,,,,,,
iowa state cyclones,iowa state cyclones,,,,,,,,,,,,
irish,notre dame fighting irish,,,,,,,,,,,,
isu,iowa state cyclones,,,,,,,,,,,,
itawamba cc indians,itawamba cc indians,,,,,,,,,,,,
indians,itawamba cc indians,,,,,,,,,,,,
iu,indiana hoosiers,indiana hoosiers,illinois fighting illini,,,,,,,,,,
jackets,georgia tech yellow jackets,,,,,,,,,,,,
jackrabbits,south dakota state jackrabbits,,,,,,,,,,,,
jackson state,jackson state tigers,,,,,,,,,,,,
jacksonville,jacksonville dolphins,,,,,,,,,,,,
jacksonville dolphins,jacksonville dolphins,,,,,,,,,,,,
jacksonville state,jacksonville state gamecocks,,,,,,,,,,,,
jacksonville state gamecocks,jacksonville state gamecocks,,,,,,,,,,,,
jaguars,south alabama jaguars,southern university jaguars,,,,,,,,,,,
james madison,james madison dukes,,,,,,,,,,,,
james madison dukes,james madison dukes,,,,,,,,,,,,
james madison university dukes,james madison dukes,,,,,,,,,,,,
javelinas,texas a&m-kingsville javelinas,,,,,,,,,,,,
jayhawks,kansas jayhawks,,,,,,,,,,,,
jmu,james madison dukes,,,,,,,,,,,,
kansas,kansas jayhawks,,,,,,,,,,,,
kansas jayhawks,kansas jayhawks,,,,,,,,,,,,
kansas state,kansas state wildcats,,,,,,,,,,,,
kansas state wildcats,kansas state wildcats,,,,,,,,,,,,
kennesaw state,kennesaw state owls,,,,,,,,,,,,
kennesaw state owls,kennesaw state owls,,,,,,,,,,,,
kent state,kent state golden flashes,,,,,,,,,,,,
kent state golden flashes,kent state golden flashes,,,,,,,,,,,,
kentucky,kentucky wildcats,,,,,,,,,,,,
kentucky wildcats,kentucky wildcats,,,,,,,,,,,,
kenyon,kenyon lords,,,,,,,,,,,,
kenyon lords,kenyon lords,,,,,,,,,,,,
keydets,vmi keydets,,,,,,,,,,,,
knights,marian knights,rutgers scarlet knights,ucf knights,,,,,,,,,,
ksu,kansas state wildcats,,,,,,,,,,,,
ku,kansas jayhawks,kentucky wildcats,,,,,,,,,,,
kutztown,kutztown golden bears,,,,,,,,,,,,
kutztown golden bears,kutztown golden bears,,,,,,,,,,,,
lafayette,lafayette leopards,,,,,,,,,,,,
lafayette leopards,lafayette leopards,,,,,,,,,,,,
lakers,grand valley state lakers,,,,,,,,,,,,
lamar,lamar cardinals,,,,,,,,,,,,
lamar cardinals,lamar cardinals,,,,,,,,,,,,
laval,laval rouge et or,,,,,,,,,,,,
laval rouge et or,laval rouge et or,,,,,,,,,,,,
leathernecks,western illinois leathernecks,,,,,,,,,,,,
lehigh,lehigh mountain hawks,,,,,,,,,,,,
lehigh mountain hawks,lehigh mountain hawks,,,,,,,,,,,,
leopards,lafayette leopards,,,,,,,,,,,,
liberty,liberty flames,,,,,,,,,,,,
liberty flames,liberty flames,,,,,,,,,,,,
limestone,limestone saints,illinois fighting illini,indiana hoosiers,iowa hawkeyes,,,,,,,,,
limestone saints,limestone saints,,,,,,,,,,,,
lindenwood,lindenwood lions,,,,,,,,,,,,
lindenwood lions,lindenwood lions,,,,,,,,,,,,
lions,columbia lions,lindenwood lions,north alabama lions,penn state nittany lions,southeastern louisiana lions,texas a&m-commerce lions,,,,,,,
little giants,wabash little giants,,,,,,,,,,,,
lobos,new mexico lobos,,,,,,,,,,,,
longhorns,texas longhorns,,,,,,,,,,,,
lords,kenyon lords,,,,,,,,,,,,
louisiana monroe,louisiana monroe warhawks,,,,,,,,,,,,
louisiana monroe warhawks,louisiana monroe warhawks,,,,,,,,,,,,
louisiana tech,louisiana tech bulldogs,,,,,,,,,,,,
louisiana tech bulldogs,louisiana tech bulldogs,,,,,,,,,,,,
louisiana-lafayette ragin' cajuns,louisiana ragin' cajuns,,,,,,,,,,,,
louisville,louisville cardinals,,,,,,,,,,,,
louisville cardinals,louisville cardinals,,,,,,,,,,,,
lsu,lsu tigers,,,,,,,,,,,,
lsu tigers,lsu tigers,,,,,,,,,,,,
lumberjacks,northern arizona lumberjacks,stephen f. austin lumberjacks,,,,,,,,,,,
maine,maine black bears,,,,,,,,,,,,
maine black bears,maine black bears,,,,,,,,,,,,
mankato,msu-mankato mavericks,,,,,,,,,,,,
marauders,mcmaster marauders,,,,,,,,,,,,
marian,marian knights,,,,,,,,,,,,
marian knights,marian knights,,,,,,,,,,,,
marist,marist red foxes,,,,,,,,,,,,
marist red foxes,marist red foxes,,,,,,,,,,,,
marshall,marshall thundering herd,,,,,,,,,,,,
marshall thundering herd,marshall thundering herd,,,,,,,,,,,,
mary hardin-baylor,mary hardin-baylor crusaders,,,,,,,,,,,,
mary hardin-baylor crusaders,mary hardin-baylor crusaders,,,,,,,,,,,,
maryland,maryland terrapins,,,,,,,,,,,,
maryland terrapins,maryland terrapins,,,,,,,,,,,,
mass,umass minutemen,,,,,,,,,,,,
massachusetts,umass minutemen,,,,,,,,,,,,
mavericks,msu-mankato mavericks,,,,,,,,,,,,
mcgill redmen,mcgill redmen,,,,,,,,,,,,
mcgill university redmen,mcgill redmen,,,,,,,,,,,,
mcmaster,mcmaster marauders,,,,,,,,,,,,
mcmaster marauders,mcmaster marauders,,,,,,,,,,,,
mcneese,mcneese cowboys,,,,,,,,,,,,
mcneese cowboys,mcneese cowboys,,,,,,,,,,,,
mean green,north texas mean green,,,,,,,,,,,,
memphis,memphis tigers,,,,,,,,,,,,
memphis tigers,memphis tigers,,,,,,,,,,,,
mercer,mercer bears,,,,,,,,,,,,
mercer bears,mercer bears,,,,,,,,,,,,
miami,miami hurricanes,miami (oh) redhawks,,,,,,,,,,,
miami (oh),miami (oh) redhawks,,,,,,,,,,,,
miami (oh) redhawks,miami (oh) redhawks,,,,,,,,,,,,
miami hurricanes,miami hurricanes,,,,,,,,,,,,
miami redhawks,miami (oh) redhawks,,,,,,,,,,,,
michigan,michigan wolverines,,,,,,,,,,,,
michigan state,michigan state spartans,,,,,,,,,,,,
michigan state spartans,michigan state spartans,,,,,,,,,,,,
michigan wolverines,michigan wolverines,,,,,,,,,,,,
middle tennessee,middle tennessee blue raiders,,,,,,,,,,,,
middle tennessee blue raiders,middle tennessee blue raiders,,,,,,,,,,,,
midshipmen,navy midshipmen,,,,,,,,,,,,
miners,utep miners,,,,,,,,,,,,
minnesota,minnesota golden gophers,,,,,,,,,,,,
minnesota golden gophers,minnesota golden gophers,,,,,,,,,,,,
minutemen,umass minutemen,,,,,,,,,,,,
miss st,mississippi state bulldogs,,,,,,,,,,,,
miss state,mississippi state bulldogs,,,,,,,,,,,,
mississippi state,mississippi state bulldogs,,,,,,,,,,,,
mississippi state bulldogs,mississippi state bulldogs,,,,,,,,,,,,
missouri,missouri tigers,,,,,,,,,,,,
missouri state,missouri state bears,,,,,,,,,,,,
missouri state bears,missouri state bears,,,,,,,,,,,,
missouri tigers,missouri tigers,,,,,,,,,,,,
missouri western,missouri western griffons,,,,,,,,,,,,
missouri western griffons,missouri western griffons,,,,,,,,,,,,
mocs,chattanooga mocs,,,,,,,,,,,,
monarchs,old dominion monarchs,,,,,,,,,,,,
monmouth,monmouth hawks,,,,,,,,,,,,
monmouth hawks,monmouth hawks,,,,,,,,,,,,
montana,montana grizzlies,,,,,,,,,,,,
montana grizzlies,montana grizzlies,,,,,,,,,,,,
montana state,montana state bobcats,,,,,,,,,,,,
montana state bobcats,montana state bobcats,,,,,,,,,,,,
montreal,montréal carabins,,,,,,,,,,,,
montréal carabins,montréal carabins,,,,,,,,,,,,
morehead state,morehead state eagles,,,,,,,,,,,,
morehead state eagles,morehead state eagles,,,,,,,,,,,,
morgan state,morgan state bears,,,,,,,,,,,,
morgan state bears,morgan state bears,,,,,,,,,,,,
mount union,mount union purple raiders,,,,,,,,,,,,
mount union purple raiders,mount union purple raiders,,,,,,,,,,,,
mountain hawks,lehigh mountain hawks,,,,,,,,,,,,
mountaineers,appalachian state mountaineers,west virginia mountaineers,,,,,,,,,,,
msu,michigan state spartans,mississippi state bulldogs,,,,,,,,,,,
msu-mankato,msu-mankato mavericks,,,,,,,,,,,,
msu-mankato mavericks,msu-mankato mavericks,,,,,,,,,,,,
murray state,murray state racers,,,,,,,,,,,,
murray state racers,murray state racers,,,,,,,,,,,,
mustangs,cal poly mustangs,smu mustangs,western new mexico mustangs,western ontario mustangs,,,,,,,,,
navy,navy midshipmen,,,,,,,,,,,,
navy midshipmen,navy midshipmen,,,,,,,,,,,,
nc state,nc state wolfpack,,,,,,,,,,,,
nc state wolf pack,nc state wolfpack,,,,,,,,,,,,
nc state wolfpack,nc state wolfpack,,,,,,,,,,,,
nc-state,nc state wolfpack,,,,,,,,,,,,
ncs,nc state wolfpack,,,,,,,,,,,,
ncs wolf pack,nc state wolfpack,,,,,,,,,,,,
ncs wolfpack,nc state wolfpack,,,,,,,,,,,,
ncst,nc state wolfpack,,,,,,,,,,,,
ncst wolf pack,nc state wolfpack,,,,,,,,,,,,
ncst wolfpack,nc state wolfpack,,,,,,,,,,,,
ncstate,nc state wolfpack,,,,,,,,,,,,
ncsu,nc state wolfpack,,,,,,,,,,,,
ncsu wolf pack,nc state wolfpack,,,,,,,,,,,,
ncsu wolfpack,nc state wolfpack,,,,,,,,,,,,
nd,notre dame fighting irish,,,,,,,,,,,,
nebraska,nebraska cornhuskers,,,,,,,,,,,,
nebraska cornhuskers,nebraska cornhuskers,,,,,,,,,,,,
nevada,nevada wolf pack,,,,,,,,,,,,
nevada wolf pack,nevada wolf pack,,,,,,,,,,,,
nevada wolfpack,nevada wolf pack,,,,,,,,,,,,
new hampshire,new hampshire wildcats,,,,,,,,,,,,
new hampshire wildcats,new hampshire wildcats,,,,,,,,,,,,
new mexico,new mexico lobos,,,,,,,,,,,,
new mexico lobos,new mexico lobos,,,,,,,,,,,,
new mexico state,new mexico state aggies,,,,,,,,,,,,
new mexico state aggies,new mexico state aggies,,,,,,,,,,,,
newberry,newberry wolves,,,,,,,,,,,,
newberry wolves,newberry wolves,,,,,,,,,,,,
nicholls,nicholls colonels,,,,,,,,,,,,
nicholls state,nicholls colonels,,,,,,,,,,,,
nicholls state colonels,nicholls colonels,,,,,,,,,,,,
nittany lions,penn state nittany lions,,,,,,,,,,,,
niu ,northern illinois huskies,northern iowa,,,,,,,,,,,
niu huskies,northern illinois huskies,,,,,,,,,,,,
niu panthers,northern iowa panthers,,,,,,,,,,,,
north alabama,north alabama lions,,,,,,,,,,,,
north alabama lions,north alabama lions,,,,,,,,,,,,
north carolina,north carolina tar heels,,,,,,,,,,,,
north carolina a&t,north carolina a&t aggies,,,,,,,,,,,,
north carolina a&t aggies,north carolina a&t aggies,,,,,,,,,,,,
north carolina central,north carolina central eagles,,,,,,,,,,,,
north carolina central eagles,north carolina central eagles,,,,,,,,,,,,
north carolina heels,north carolina tar heels,,,,,,,,,,,,
north carolina state,nc state wolfpack,,,,,,,,,,,,
north carolina state wolf pack,nc state wolfpack,,,,,,,,,,,,
north carolina state wolfpack,nc state wolfpack,,,,,,,,,,,,
north carolina tar heels,north carolina tar heels,,,,,,,,,,,,
north carolina tarheels,north carolina tar heels,,,,,,,,,,,,
north dakota,north dakota fighting hawks,,,,,,,,,,,,
north dakota fighting hawks,north dakota fighting hawks,,,,,,,,,,,,
north dakota state,north dakota state bison,,,,,,,,,,,,
north dakota state bison,north dakota state bison,,,,,,,,,,,,
north greenville,north greenville crusaders,,,,,,,,,,,,
north greenville crusaders,north greenville crusaders,,,,,,,,,,,,
north greenville university,north greenville crusaders,,,,,,,,,,,,
north texas,north texas mean green,,,,,,,,,,,,
north texas mean green,north texas mean green,,,,,,,,,,,,
northern arizona,northern arizona lumberjacks,,,,,,,,,,,,
northern arizona lumberjacks,northern arizona lumberjacks,,,,,,,,,,,,
northern colorado,northern colorado bears,,,,,,,,,,,,
northern colorado bears,northern colorado bears,,,,,,,,,,,,
northern illinois,northern illinois huskies,,,,,,,,,,,,
northern illinois huskies,northern illinois huskies,,,,,,,,,,,,
northern iowa,northern iowa panthers,,,,,,,,,,,,
northern iowa panthers,northern iowa panthers,,,,,,,,,,,,
northwest missouri state,northwest missouri state bearcats,,,,,,,,,,,,
northwest missouri state bearcats,northwest missouri state bearcats,,,,,,,,,,,,
northwestern,northwestern wildcats,,,,,,,,,,,,
northwestern state,northwestern state demons,,,,,,,,,,,,
northwestern state demons,northwestern state demons,,,,,,,,,,,,
northwestern university wildcats,northwestern wildcats,,,,,,,,,,,,
northwestern university,northwestern wildcats,,,,,,,,,,,,
northwestern wildcats,northwestern wildcats,,,,,,,,,,,,
noter dame,notre dame fighting irish,,,,,,,,,,,,
notre dame,notre dame fighting irish,,,,,,,,,,,,
notre dame fighting irish,notre dame fighting irish,,,,,,,,,,,,
nu,northwestern wildcats,nebraska cornhuskers,,,,,,,,,,,
odu,old dominion monarchs,,,,,,,,,,,,
ohio,ohio bobcats,,,,,,,,,,,,
ohio bobcats,ohio bobcats,,,,,,,,,,,,
ohio state,ohio state buckeyes,,,,,,,,,,,,
ohio state buckeyes,ohio state buckeyes,nevada wolf pack,,,,,,,,,,,
oklahoma,oklahoma sooners,,,,,,,,,,,,
oklahoma bandwagon,oklahoma sooners,,,,,,,,,,,,
oklahoma sooners,oklahoma sooners,,,,,,,,,,,,
oklahoma st.,oklahoma state cowboys,,,,,,,,,,,,
oklahoma state,oklahoma state cowboys,,,,,,,,,,,,
oklahoma state cowboys,oklahoma state cowboys,,,,,,,,,,,,
old dominion,old dominion monarchs,,,,,,,,,,,,
old dominion monarchs,old dominion monarchs,,,,,,,,,,,,
old dominion university,old dominion monarchs,,,,,,,,,,,,
ole miss,ole miss rebels,,,,,,,,,,,,
ole miss rebels,ole miss rebels,,,,,,,,,,,,
orange,syracuse orange,,,,,,,,,,,,
orediggers,colorado mines orediggers,,,,,,,,,,,,
oregon,oregon ducks,,,,,,,,,,,,
oregon ducks,oregon ducks,,,,,,,,,,,,
oregon state,oregon state beavers,,,,,,,,,,,,
oregon state beavers,oregon state beavers,,,,,,,,,,,,
osu,ohio state buckeyes,oklahoma state cowboys,oregon state beavers,,,,,,,,,,
ou,oklahoma sooners,oregon ducks,,,,,,,,,,,
ouachita baptist,ouachita baptist tigers,,,,,,,,,,,,
ouachita baptist tigers,ouachita baptist tigers,,,,,,,,,,,,
owls,fau owls,kennesaw state owls,rice owls,temple owls,,,,,,,,,
pack,nc state wolfpack,nevada wolf pack,,,,,,,,,,,
paladin,furman paladins,,,,,,,,,,,,
paladins,furman paladins,,,,,,,,,,,,
panthers,eastern illinois panthers,fiu panthers,georgia state panthers,northern iowa panthers,pittsburgh panthers,prairie view a&m panthers,,,,,,,
patriots,cumberlands patriots,,,,,,,,,,,,
penguins,youngstown state penguins,,,,,,,,,,,,
penn state,penn state nittany lions,,,,,,,,,,,,
penn state nittany lions,penn state nittany lions,,,,,,,,,,,,
pennsylvania,pennsylvania quakers,,,,,,,,,,,,
pennsylvania quakers,pennsylvania quakers,,,,,,,,,,,,
phoenix,cumberland phoenix,elon phoenix,,,,,,,,,,,
pirates,east carolina pirates,hampton pirates,,,,,,,,,,,
pitt,pittsburgh panthers,,,,,,,,,,,,
pittsburgh,pittsburgh panthers,,,,,,,,,,,,
pittsburgh panthers,pittsburgh panthers,,,,,,,,,,,,
portland state,portland state vikings,,,,,,,,,,,,
portland state vikings,portland state vikings,,,,,,,,,,,,
prairie view a&m,prairie view a&m panthers,,,,,,,,,,,,
prairie view a&m panthers,prairie view a&m panthers,,,,,,,,,,,,
presbyterian,presbyterian blue hose,,,,,,,,,,,,
presbyterian blue hose,presbyterian blue hose,,,,,,,,,,,,
presentation,presentation saints,,,,,,,,,,,,
presentation saints,presentation saints,,,,,,,,,,,,
princeton,princeton tigers,,,,,,,,,,,,
princeton tigers,princeton tigers,,,,,,,,,,,,
psu,penn state nittany lions,,,,,,,,,,,,
purdue,purdue boilermakers,,,,,,,,,,,,
purdue boilermakers,purdue boilermakers,,,,,,,,,,,,
purple raiders,mount union purple raiders,,,,,,,,,,,,
quakers,pennsylvania quakers,,,,,,,,,,,,
queen's gaels,queen's university gaels,,,,,,,,,,,,
queen's university gaels,queen's university gaels,,,,,,,,,,,,
racers,murray state racers,,,,,,,,,,,,
raiders,colgate raiders,middle tennessee blue raiders,mount union purple raiders,southern oregon raiders,southern oregon raiders,texas tech red raiders,,,,,,,
rainbow warriors,hawai'i rainbow warriors,,,,,,,,,,,,
ramblin wreck,georgia tech yellow jackets,,,,,,,,,,,,
ramblin’ wreck,georgia tech yellow jackets,,,,,,,,,,,,
rams,colorado state rams,fordham rams,rhode island rams,,,,,,,,,,
rattlers,florida a&m rattlers,,,,,,,,,,,,
ravens,carleton (on) ravens,,,,,,,,,,,,
razorbacks,arkansas razorbacks,,,,,,,,,,,,
rebels,ole miss rebels,unlv rebels,,,,,,,,,,,
red flash,st. francis red flash,,,,,,,,,,,,
red foxes,marist red foxes,,,,,,,,,,,,
red raiders,texas tech red raiders,,,,,,,,,,,,
red wolves,arkansas state red wolves,,,,,,,,,,,,
redbirds,illinois state redbirds,,,,,,,,,,,,
reddies,henderson state reddies,,,,,,,,,,,,
redhawks,miami (oh) redhawks,southeast missouri state redhawks,,,,,,,,,,,
redmen,mcgill redmen,,,,,,,,,,,,
rhode island,rhode island rams,,,,,,,,,,,,
rhode island rams,rhode island rams,,,,,,,,,,,,
rice,rice owls,,,,,,,,,,,,
rice owls,rice owls,,,,,,,,,,,,
richmond,richmond spiders,,,,,,,,,,,,
richmond spiders,richmond spiders,,,,,,,,,,,,
roadrunners,utsa roadrunners,,,,,,,,,,,,
rockets,toledo rockets,,,,,,,,,,,,
royals,warner royals,,,,,,,,,,,,
ru,rutgers scarlet knights,,,,,,,,,,,,
runnin' bulldogs,gardner-webb runnin' bulldogs,,,,,,,,,,,,
rutgers,rutgers scarlet knights,,,,,,,,,,,,
rutgers scarlet knights,rutgers scarlet knights,,,,,,,,,,,,
sacramento state,sacramento state hornets,,,,,,,,,,,,
sacramento state hornets,sacramento state hornets,,,,,,,,,,,,
saints,college of faith (nc) saints,limestone saints,presentation saints,,,,,,,,,,
salukis,southern illinois salukis,,,,,,,,,,,,
sam houston state,sam houston state bearkats,,,,,,,,,,,,
sam houston state bearkats,sam houston state bearkats,,,,,,,,,,,,
samford,samford bulldogs,,,,,,,,,,,,
samford bulldogs,samford bulldogs,,,,,,,,,,,,
san diego,san diego state aztecs,,,,,,,,,,,,
san diego state,san diego state aztecs,,,,,,,,,,,,
san diego state aztecs,san diego state aztecs,,,,,,,,,,,,
san jose state,san josé state spartans,,,,,,,,,,,,
san jose state spartans,san josé state spartans,,,,,,,,,,,,
sc,south carolina gamecocks,usc trojans,,,,,,,,,,,
scar,south carolina gamecocks,,,,,,,,,,,,
scarlet knights,rutgers scarlet knights,,,,,,,,,,,,
sd,san diego state aztecs,,,,,,,,,,,,
sdsu,san diego state aztecs,,,,,,,,,,,,
seahawks,wagner seahawks,,,,,,,,,,,,
seawolves,stony brook seawolves,,,,,,,,,,,,
seminoles,florida state seminoles,,,,,,,,,,,,
siu,southern illinois salukis,,,,,,,,,,,,
sjsu,san josé state spartans,,,,,,,,,,,,
skyhawks,tennessee-martin skyhawks,,,,,,,,,,,,
smu,smu mustangs,,,,,,,,,,,,
smu mustangs,smu mustangs,,,,,,,,,,,,
socal,usc trojans,,,,,,,,,,,,
socal trojans,usc trojans,,,,,,,,,,,,
sooners,oklahoma sooners,,,,,,,,,,,,
south alabama,south alabama jaguars,,,,,,,,,,,,
south alabama jaguars,south alabama jaguars,,,,,,,,,,,,
south carolina,south carolina gamecocks,,,,,,,,,,,,
south carolina gamecocks,south carolina gamecocks,,,,,,,,,,,,
south carolina state,south carolina state bulldogs,,,,,,,,,,,,
south carolina state bulldogs,south carolina state bulldogs,,,,,,,,,,,,
south dakota,south dakota coyotes,,,,,,,,,,,,
south dakota coyotes,south dakota coyotes,,,,,,,,,,,,
south dakota state,south dakota state jackrabbits,,,,,,,,,,,,
south dakota state jackrabbits,south dakota state jackrabbits,,,,,,,,,,,,
south florida ,usf bulls,,,,,,,,,,,,
southeast missouri,southeast missouri state redhawks,,,,,,,,,,,,
southeast missouri state,southeast missouri state redhawks,,,,,,,,,,,,
southeast missouri state redhawks,southeast missouri state redhawks,,,,,,,,,,,,
southeastern fire,southeastern fire,,,,,,,,,,,,
southeastern louisiana,southeastern louisiana lions,,,,,,,,,,,,
southern,southern university jaguars,,,,,,,,,,,,
southern cal,usc trojans,,,,,,,,,,,,
southern cal trojans,usc trojans,,,,,,,,,,,,
southern illinois,southern illinois salukis,,,,,,,,,,,,
southern illinois salukis,southern illinois salukis,,,,,,,,,,,,
southern methodist,smu mustangs,,,,,,,,,,,,
southern methodist mustangs,smu mustangs,,,,,,,,,,,,
southern miss,southern miss golden eagles,,,,,,,,,,,,
southern miss golden eagles,southern miss golden eagles,,,,,,,,,,,,
southern oregon,southern oregon raiders,,,,,,,,,,,,
southern oregon raiders,southern oregon raiders,,,,,,,,,,,,
southern university,southern university jaguars,,,,,,,,,,,,
southern utah,southern utah thunderbirds,,,,,,,,,,,,
southern utah thunderbirds,southern utah thunderbirds,,,,,,,,,,,,
spartans,michigan state spartans,san josé state spartans,,,,,,,,,,,
spiders,richmond spiders,,,,,,,,,,,,
st. francis,st. francis red flash,,,,,,,,,,,,
st. francis red flash,st. francis red flash,,,,,,,,,,,,
st. thomas,st. thomas tommies,,,,,,,,,,,,
st. thomas tommies,st. thomas tommies,,,,,,,,,,,,
stanford,stanford cardinal,,,,,,,,,,,,
stanford cardinal,stanford cardinal,,,,,,,,,,,,
stephen f. austin,stephen f. austin lumberjacks,,,,,,,,,,,,
stephen f. austin lumberjacks,stephen f. austin lumberjacks,,,,,,,,,,,,
stetson,stetson hatters,,,,,,,,,,,,
stetson hatters,stetson hatters,,,,,,,,,,,,
stingers,concordia (qc) stingers,,,,,,,,,,,,
stony brook,stony brook seawolves,,,,,,,,,,,,
stony brook seawolves,stony brook seawolves,,,,,,,,,,,,
sun devils,arizona state sun devils,,,,,,,,,,,,
sycamores,indiana state sycamores,,,,,,,,,,,,
syracuse,syracuse orange,,,,,,,,,,,,
syracuse orange,syracuse orange,,,,,,,,,,,,
tar heels,north carolina tar heels,,,,,,,,,,,,
tar holes,north carolina tar heels,,,,,,,,,,,,
tarheels,north carolina tar heels,,,,,,,,,,,,
tarholes,north carolina tar heels,,,,,,,,,,,,
tcu,tcu horned frogs,,,,,,,,,,,,
tcu horned frogs,tcu horned frogs,,,,,,,,,,,,
tech,georgia tech yellow jackets,virginia tech hokies,texas tech red raiders,,,,,,,,,,
temple,temple owls,,,,,,,,,,,,
temple owls,temple owls,,,,,,,,,,,,
tennessee,tennessee volunteers,,,,,,,,,,,,
"tennessee ""this is our year"" vols",tennessee volunteers,,,,,,,,,,,,
tennessee tech,tennessee tech golden eagles,,,,,,,,,,,,
tennessee tech golden eagles,tennessee tech golden eagles,,,,,,,,,,,,
tennessee volunteers,tennessee volunteers,,,,,,,,,,,,
tennessee-martin,tennessee-martin skyhawks,,,,,,,,,,,,
tennessee-martin skyhawks,tennessee-martin skyhawks,,,,,,,,,,,,
terrapins,maryland terrapins,,,,,,,,,,,,
terriers,wofford terriers,,,,,,,,,,,,
texas,texas longhorns,,,,,,,,,,,,
texas a&m,texas a&m aggies,,,,,,,,,,,,
texas a&m aggies,texas a&m aggies,,,,,,,,,,,,
texas a&m-commerce,texas a&m-commerce lions,,,,,,,,,,,,
texas a&m-commerce lions,texas a&m-commerce lions,,,,,,,,,,,,
texas a&m-kingsville,texas a&m-kingsville javelinas,,,,,,,,,,,,
texas a&m-kingsville javelinas,texas a&m-kingsville javelinas,,,,,,,,,,,,
texas longhorns,texas longhorns,,,,,,,,,,,,
texas southern,texas southern tigers,,,,,,,,,,,,
texas southern tigers,texas southern tigers,,,,,,,,,,,,
texas state,texas state bobcats,,,,,,,,,,,,
texas state bobcats,texas state bobcats,,,,,,,,,,,,
texas tech,texas tech red raiders,,,,,,,,,,,,
texas tech red raiders,texas tech red raiders,,,,,,,,,,,,
the citadel,the citadel bulldogs,,,,,,,,,,,,
the citadel bulldogs,the citadel bulldogs,,,,,,,,,,,,
thunderbirds,southern utah thunderbirds,ubc thunderbirds,,,,,,,,,,,
thundering herd,marshall thundering herd,,,,,,,,,,,,
tide,alabama crimson tide,,,,,,,,,,,,
tigers,campbellsville tigers,clemson tigers,depauw tigers,edward waters tigers,jackson state tigers,lsu tigers,memphis tigers,missouri tigers,ouachita baptist tigers,princeton tigers,texas southern tigers,towson tigers,west alabama tigers
titans,wisconsin-oshkosh titans,,,,,,,,,,,,
toledo,toledo rockets,,,,,,,,,,,,
toledo rockets,toledo rockets,,,,,,,,,,,,
tommies,st. thomas tommies,,,,,,,,,,,,
tosu,ohio state buckeyes,,,,,,,,,,,,
towson,towson tigers,,,,,,,,,,,,
towson tigers,towson tigers,,,,,,,,,,,,
tribe,william & mary tribe,,,,,,,,,,,,
trojans,dakota state trojans,troy trojans,usc trojans,,,,,,,,,,
troy,troy trojans,,,,,,,,,,,,
troy trojans,troy trojans,,,,,,,,,,,,
ttu,texas tech red raiders,,,,,,,,,,,,
tulane,tulane green wave,,,,,,,,,,,,
tulane green wave,tulane green wave,,,,,,,,,,,,
tulsa,tulsa golden hurricane,,,,,,,,,,,,
ua,arizona wildcats,alabama crimson tide,,,,,,,,,,,
uab,uab blazers,,,,,,,,,,,,
uab blazers,uab blazers,,,,,,,,,,,,
ubc,ubc thunderbirds,,,,,,,,,,,,
ubc thunderbirds,ubc thunderbirds,,,,,,,,,,,,
uc,cincinnati bearcats,,,,,,,,,,,,
uc davis,uc davis aggies,,,,,,,,,,,,
uc davis aggies,uc davis aggies,,,,,,,,,,,,
ucf,ucf knights,,,,,,,,,,,,
ucf knights,ucf knights,,,,,,,,,,,,
ucla,ucla bruins,,,,,,,,,,,,
ucla bruins,ucla bruins,,,,,,,,,,,,
uconn,connecticut huskies,,,,,,,,,,,,
uconn huskies,connecticut huskies,,,,,,,,,,,,
uf,florida gators,,,,,,,,,,,,
uga,georgia bulldogs,,,,,,,,,,,,
ui,indiana hoosiers,iowa hawkeyes,illinois fighting illini,,,,,,,,,,
uk,kentucky wildcats,kansas jayhawks,,,,,,,,,,,
ul,louisville cardinals,,,,,,,,,,,,
ulm,ulm warhawks,,,,,,,,,,,,
ulm warhawks,ulm warhawks,,,,,,,,,,,,
um,miami hurricanes,michigan wolverines,minnesota golden gophers,umass minutemen,,,,,,,,,
umass,umass minutemen,,,,,,,,,,,,
umass minutemen,umass minutemen,,,,,,,,,,,,
umn,minnesota golden gophers,,,,,,,,,,,,
unc,north carolina tar heels,,,,,,,,,,,,
unc heels,north carolina tar heels,,,,,,,,,,,,
unc tar heels,north carolina tar heels,,,,,,,,,,,,
unc tarheels,north carolina tar heels,,,,,,,,,,,,
unc-ch,north carolina tar heels,,,,,,,,,,,,
unc-r,nc state wolfpack,,,,,,,,,,,,
uncc,charlotte 49ers,,,,,,,,,,,,
uncch,north carolina tar heels,,,,,,,,,,,,
uncr,nc state wolfpack,,,,,,,,,,,,
university of calgary dinos,calgary dinos,,,,,,,,,,,,
university of faith,university of faith (fl) glory eagles,,,,,,,,,,,,
university of god's chosen,university of god's chosen disciples,,,,,,,,,,,,
university of god's chosen disciples,university of god's chosen disciples,,,,,,,,,,,,
university of massachusetts,umass minutemen,,,,,,,,,,,,
university of massachusetts minutemen,umass minutemen,,,,,,,,,,,,
unlv,unlv rebels,,,,,,,,,,,,
unlv rebels,unlv rebels,,,,,,,,,,,,
upenn,pennsylvania quakers,,,,,,,,,,,,
usc,south carolina gamecocks,usc trojans,,,,,,,,,,,
usc gamecocks,south carolina gamecocks,,,,,,,,,,,,
usc trojans,usc trojans,,,,,,,,,,,,
usf,usf bulls,,,,,,,,,,,,
usf bulls,usf bulls,,,,,,,,,,,,
ut,texas longhorns,tennessee volunteers,,,,,,,,,,,
utah,utah utes,,,,,,,,,,,,
utah state,utah state aggies,,,,,,,,,,,,
utah state aggies,utah state aggies,,,,,,,,,,,,
utah utes,utah utes,,,,,,,,,,,,
utep,utep miners,,,,,,,,,,,,
utep miners,utep miners,,,,,,,,,,,,
utes,utah utes,,,,,,,,,,,,
utsa,utsa roadrunners,,,,,,,,,,,,
utsa roadrunners,utsa roadrunners,,,,,,,,,,,,
uva,virginia cavaliers,,,,,,,,,,,,
uw,wisconsin badgers,washington huskies,,,,,,,,,,,
vandals,idaho vandals,,,,,,,,,,,,
vanderbilt,vanderbilt commodores,,,,,,,,,,,,
vanderbilt commodores,vanderbilt commodores,,,,,,,,,,,,
vikings,portland state vikings,,,,,,,,,,,,
villanova,villanova wildcats,,,,,,,,,,,,
villanova wildcats,villanova wildcats,south carolina gamecocks,,,,,,,,,,,
virginia,virginia cavaliers,,,,,,,,,,,,
virginia cavaliers,virginia cavaliers,,,,,,,,,,,,
virginia tech,virginia tech hokies,,,,,,,,,,,,
virginia tech hokies,virginia tech hokies,,,,,,,,,,,,
vmi,vmi keydets,,,,,,,,,,,,
vmi keydets,vmi keydets,,,,,,,,,,,,
volunteers,tennessee volunteers,,,,,,,,,,,,
vulcans,california (pa) vulcans,,,,,,,,,,,,
w&m,william & mary tribe,,,,,,,,,,,,
w&m tribe,william & mary tribe,,,,,,,,,,,,
wabash,wabash little giants,,,,,,,,,,,,
wabash little giants,wabash little giants,,,,,,,,,,,,
wagner,wagner seahawks,,,,,,,,,,,,
wagner seahawks,wagner seahawks,,,,,,,,,,,,
wahoos,virginia cavaliers,,,,,,,,,,,,
wake forest,wake forest demon deacons,tennessee volunteers,,,,,,,,,,,
wake forest demon deacons,wake forest demon deacons,,,,,,,,,,,,
wam,william & mary tribe,,,,,,,,,,,,
war eagle,auburn tigers,,,,,,,,,,,,
wareagle,auburn tigers,,,,,,,,,,,,
warhawks,louisiana monroe warhawks,ulm warhawks,,,,,,,,,,,
warner,warner royals,,,,,,,,,,,,
warner royals,warner royals,,,,,,,,,,,,
warriors,hawai'i rainbow warriors,waterloo warriors,,,,,,,,,,,
washington,washington huskies,,,,,,,,,,,,
washington huskies,washington huskies,,,,,,,,,,,,
washington state,washington state cougars,,,,,,,,,,,,
washington state cougars,washington state cougars,,,,,,,,,,,,
washington state university,washington state cougars,,,,,,,,,,,,
washington state university cougars,washington state cougars,,,,,,,,,,,,
waterloo,waterloo warriors,,,,,,,,,,,,
waterloo warriors,waterloo warriors,,,,,,,,,,,,
wazzu,washington state cougars,,,,,,,,,,,,
weber state,weber state wildcats,,,,,,,,,,,,
weber state wildcats,weber state wildcats,,,,,,,,,,,,
west alabama,west alabama tigers,,,,,,,,,,,,
west alabama tigers,west alabama tigers,,,,,,,,,,,,
west florida,west florida argonauts,,,,,,,,,,,,
west florida argonauts,west florida argonauts,,,,,,,,,,,,
west point,army west point,,,,,,,,,,,,
west virginia,west virginia mountaineers,,,,,,,,,,,,
west virginia mountaineers,west virginia mountaineers,,,,,,,,,,,,
western carolina,western carolina catamounts,,,,,,,,,,,,
western carolina catamounts,western carolina catamounts,,,,,,,,,,,,
western illinois,western illinois leathernecks,,,,,,,,,,,,
western illinois leathernecks,western illinois leathernecks,,,,,,,,,,,,
western kentucky,wku hilltoppers,,,,,,,,,,,,
western kentucky hilltoppers,wku hilltoppers,,,,,,,,,,,,
western michigan,western michigan broncos,,,,,,,,,,,,
western michigan broncos,western michigan broncos,,,,,,,,,,,,
western mustangs,western ontario mustangs,,,,,,,,,,,,
western new mexico,western new mexico mustangs,,,,,,,,,,,,
western new mexico mustangs,western new mexico mustangs,,,,,,,,,,,,
western ontario,western ontario mustangs,,,,,,,,,,,,
western ontario mustangs,western ontario mustangs,,,,,,,,,,,,
western oregon,western oregon wolves,,,,,,,,,,,,
western oregon wolves,western oregon wolves,,,,,,,,,,,,
wf,wake forest demon deacons,,,,,,,,,,,,
wfu,wake forest demon deacons,,,,,,,,,,,,
what is a ute?,utah utes,,,,,,,,,,,,
wildcats,abilene christian wildcats,arizona wildcats,davidson wildcats,kansas state wildcats,kentucky wildcats,new hampshire wildcats,northwestern wildcats,villanova wildcats,weber state wildcats,,,,
wilfrid laurier,wilfrid laurier golden hawks,,,,,,,,,,,,
wilfrid laurier golden hawks,wilfrid laurier golden hawks,,,,,,,,,,,,
wilfrid laurier university golden hawks,wilfrid laurier golden hawks,,,,,,,,,,,,
will & mary,william & mary tribe,,,,,,,,,,,,
will & mary tribe,william & mary tribe,,,,,,,,,,,,
william & mary,william & mary tribe,,,,,,,,,,,,
william & mary tribe,william & mary tribe,,,,,,,,,,,,
william and mary,william & mary tribe,,,,,,,,,,,,
william and mary tribe,william & mary tribe,,,,,,,,,,,,
wisc,wisconsin badgers,,,,,,,,,,,,
wisconsin,wisconsin badgers,,,,,,,,,,,,
wisconsin badgers,wisconsin badgers,,,,,,,,,,,,
wisconsin-oshkosh,wisconsin-oshkosh titans,,,,,,,,,,,,
wisconsin-oshkosh titans,wisconsin-oshkosh titans,,,,,,,,,,,,
wiscy,wisconsin badgers,,,,,,,,,,,,
wku,wku hilltoppers,,,,,,,,,,,,
wku hilltoppers,wku hilltoppers,,,,,,,,,,,,
wofford,wofford terriers,,,,,,,,,,,,
wofford terriers,wofford terriers,,,,,,,,,,,,
wolf pack,nc state wolfpack,nevada wolf pack,,,,,,,,,,,
wolfpack,nc state wolfpack,nevada wolf pack,,,,,,,,,,,
wolverines,michigan wolverines,,,,,,,,,,,,
wolves,arkansas state red wolves,newberry wolves,western oregon wolves,,,,,,,,,,
wsu,washington state cougars,,,,,,,,,,,,
wsu cougars,washington state cougars,,,,,,,,,,,,
wu,washington huskies,,,,,,,,,,,,
wu huskies,washington huskies,,,,,,,,,,,,
wvu,west virginia mountaineers,,,,,,,,,,,,
wvu mountaineers,west virginia mountaineers,,,,,,,,,,,,
wyoming,wyoming cowboys,,,,,,,,,,,,
wyoming cowboys,wyoming cowboys,,,,,,,,,,,,
yale,yale bulldogs,,,,,,,,,,,,
yale bulldogs,yale bulldogs,,,,,,,,,,,,
yellow jackets,georgia tech yellow jackets,,,,,,,,,,,,
youngstown state,youngstown state penguins,,,,,,,,,,,,
youngstown state penguins,youngstown state penguins,,,,,,,,,,,,
zips,akron zips,,,,,,,,,,,,
zona,arizona wildcats,,,,,,,,,,,,
